北京	安定
北京	八达岭
北京	北京
北京	北京北
北京	北京东
北京	北京南
北京	北京西
北京	北宅
北京	昌平
北京	昌平北
北京	大灰厂
北京	杜家坎所
北京	房山
北京	丰台
北京	丰台西
北京	高各庄
北京	孤山口
北京	官高
北京	广安门
北京	怀柔
北京	怀柔北
北京	黄村
北京	黄土坡
北京	京联合
北京	康庄
北京	良各庄
北京	良乡
北京	琉璃河
北京	落坡岭
北京	密云
北京	庙城
北京	南观村
北京	南口
北京	平峪
北京	苹果园
北京	青龙桥
北京	清河
北京	清华园
北京	三合庄
北京	三家店
北京	沙河
北京	上万
北京	十渡
北京	石景山南
北京	双桥
北京	顺义
北京	通州西
北京	统军庄
北京	魏善庄
北京	西道口
北京	斜河涧
北京	延庆
北京	沿河城
北京	雁翅
北京	燕山
北京	亦庄
北京	云居寺
北京	张辛
北京	周口店
北京	珠窝
天津	宝坻
天津	北仓
天津	别山
天津	滨海
天津	滨海北
天津	曹子里
天津	茶淀
天津	崔黄口
天津	大口屯
天津	豆张庄
天津	汉沟镇
天津	汉沽
天津	蓟县
天津	蓟县南
天津	津沪所
天津	静海
天津	军粮城北
天津	芦台
天津	南仓
天津	南仓所
天津	三百吨
天津	上仓
天津	泰达
天津	唐官屯
天津	塘沽
天津	天津
天津	天津北
天津	天津南
天津	天津西
天津	田庄
天津	武清
天津	下仓
天津	杨村
天津	杨柳青
河北	艾河
河北	霸州
河北	白涧
河北	白旗
河北	百里峡
河北	板城
河北	保定
河北	保定东
河北	北戴河
河北	北马圈子
河北	北舍
河北	北屯
河北	泊头
河北	沧州
河北	沧州西
河北	柴沟堡
河北	昌黎
河北	超梁沟
河北	朝阳地
河北	承安铺
河北	承德
河北	承德东
河北	磁山
河北	磁西
河北	磁县
河北	大厂县
河北	大盘石
河北	大营镇
河北	大杖子
河北	定兴
河北	定州
河北	定州东
河北	东大坝
河北	东光
河北	东花园
河北	东戌
河北	洞庙河
河北	豆庄
河北	段甲岭
河北	二道沟门
河北	丰南
河北	浮图峪
河北	福山口
河北	福山寺
河北	抚宁
河北	富庄子
河北	高碑店
河北	高碑店东
河北	高邑
河北	高邑西
河北	藁城
河北	贡家台
河北	固安
河北	官厅
河北	官厅西
河北	广德号
河北	郭磊庄
河北	邯郸
河北	邯郸东
河北	韩麻营
河北	和村
河北	河间西
河北	河洛营
河北	衡水
河北	猴山
河北	虎什哈
河北	黄家店
河北	获鹿
河北	获鹿所
河北	纪家沟
河北	甲山
河北	金沟屯
河北	晋州
河北	井店
河北	井陉
河北	井南
河北	旧庄窝
河北	康城
河北	孔家庄
河北	涞源
河北	狼山
河北	狼窝铺
河北	廊坊
河北	廊坊北
河北	良村
河北	梁底下
河北	林村
河北	流水沟
河北	六道河子
河北	龙华
河北	龙家营
河北	龙家营所
河北	隆化
河北	卢龙
河北	滦河
河北	滦河沿
河北	滦平
河北	滦县
河北	滦县东
河北	螺山
河北	落垡
河北	马柳
河北	马铺营
河北	马头
河北	庙宫
河北	南城司
河北	南大庙
河北	南宫东
河北	南湾子
河北	南峪
河北	南张村
河北	闹海营
河北	牛驼
河北	徘徊北
河北	潘家店
河北	彭城
河北	偏店
河北	平坊
河北	平泉
河北	奇峰塔
河北	迁安
河北	前磨头
河北	前苇塘
河北	秦皇岛
河北	青县
河北	清风店
河北	清河城
河北	清凉店
河北	饶阳
河北	任丘
河北	三河县
河北	三平
河北	沙城
河北	沙河市
河北	沙岭子
河北	沙坨子
河北	沙子河
河北	山海关
河北	上安
河北	上板城
河北	上板城南
河北	上谷
河北	涉县
河北	深州
河北	什里店
河北	石家庄
河北	石家庄北
河北	石郎庄
河北	四合永
河北	肃宁
河北	塔崖驿
河北	汤头沟
河北	唐坊
河北	唐山
河北	唐山北
河北	完县
河北	万庄
河北	王安镇
河北	王瞳
河北	望都
河北	文安
河北	吴桥
河北	五道河
河北	午汲
河北	武安
河北	西八里
河北	西大庙
河北	下板城
河北	下花园
河北	下台子
河北	小寺沟
河北	小西庄
河北	辛集
河北	新安村
河北	新保安
河北	新固镇
河北	新乐
河北	新坡
河北	新杖子
河北	邢台
河北	邢台东
河北	兴隆县
河北	徐水
河北	徐水东
河北	宣化
河北	悬钟
河北	燕郊
河北	阳邑
河北	杨各庄
河北	杨树岭
河北	腰栈
河北	窑上
河北	野三坡
河北	义井
河北	银镇
河北	鹰手营子
河北	永和
河北	幽州
河北	于家庄
河北	榆树沟
河北	玉田县
河北	元氏
河北	云彩岭
河北	枣强
河北	寨西店
河北	张百湾
河北	张家口
河北	张家口南
河北	张三营
河北	招柏
河北	正定
河北	正定机场
河北	涿州
河北	涿州东
河北	紫荆关
山西	安塘
山西	白壁关
山西	保德
山西	堡子湾
山西	北白
山西	北板桥
山西	北六堡
山西	北义井
山西	北营
山西	播明
山西	常村
山西	程家
山西	大涧
山西	大同
山西	大同东
山西	大辛庄
山西	大营
山西	代县
山西	岱岳
山西	弹音
山西	定襄
山西	东坡
山西	东田良
山西	东阳关
山西	东淤地
山西	东元庆
山西	东镇
山西	东庄
山西	豆罗
山西	兑镇
山西	繁峙
山西	汾河
山西	汾阳
山西	风陵渡
山西	高村
山西	高平
山西	孤山
山西	古店
山西	古东
山西	古交
山西	韩家岭
山西	韩家楼
山西	河边
山西	河津
山西	洪洞
山西	洪洞西
山西	侯马
山西	侯马西
山西	怀仁
山西	怀仁东
山西	霍州
山西	霍州东
山西	稷山
山西	嘉峰
山西	蒋村
山西	交城
山西	介休
山西	介休东
山西	金沙滩
山西	晋城
山西	晋城北
山西	晋中
山西	岢岚
山西	孔庄
山西	黎城
山西	临汾
山西	临汾西
山西	灵丘
山西	灵石
山西	灵石东
山西	柳林河
山西	柳林南
山西	芦家庄
山西	潞城
山西	吕梁
山西	漫流河
山西	鸣李
山西	磨滩
山西	南陈铺
山西	南峧
山西	娘子关
山西	宁武
山西	平社
山西	平旺
山西	平型关
山西	平遥
山西	平遥古城
山西	祁县
山西	祁县东
山西	秦家庄
山西	沁县
山西	清徐
山西	赛鱼
山西	三岔镇
山西	山阴
山西	神池
山西	神池南
山西	神头
山西	寿阳
山西	水洋
山西	朔州
山西	朔州西
山西	太谷
山西	太谷西
山西	太原
山西	太原北
山西	太原东
山西	太原南
山西	天镇
山西	王家寨
山西	微子镇
山西	文水
山西	闻喜
山西	闻喜西
山西	五台山
山西	五寨
山西	武乡
山西	西贺村
山西	西武匠
山西	西阳村
山西	西张
山西	下社
山西	夏店
山西	襄汾
山西	襄汾西
山西	襄垣
山西	小宋
山西	孝南
山西	孝西
山西	忻州
山西	新绛
山西	修文
山西	轩岗
山西	薛孤
山西	岩会
山西	阳城
山西	阳方口
山西	阳高
山西	阳明堡
山西	阳曲
山西	阳泉
山西	阳泉北
山西	阳泉曲
山西	阴塔
山西	应县
山西	永济
山西	永济北
山西	永嘉堡
山西	榆次
山西	榆社
山西	禹门口
山西	原平
山西	运城
山西	运城北
山西	枣林
山西	张兰
山西	长治
山西	长治北
山西	长子
山西	赵城
山西	赵庄
山西	镇城底
内蒙古	阿达日嘎
内蒙古	阿达日格
内蒙古	阿尔山
内蒙古	阿贵图
内蒙古	阿里河
内蒙古	阿龙山
内蒙古	阿乌尼
内蒙古	艾不盖
内蒙古	安庆沟
内蒙古	昂乃
内蒙古	敖包沟
内蒙古	敖汉
内蒙古	敖来
内蒙古	敖力布告
内蒙古	八苏木
内蒙古	八仙筒
内蒙古	巴林
内蒙古	巴图塔
内蒙古	巴彦高勒
内蒙古	巴彦郭勒
内蒙古	坝梁
内蒙古	白海
内蒙古	白狼
内蒙古	白塔
内蒙古	白彦花
内蒙古	白音察干
内蒙古	白音胡硕
内蒙古	白音库伦
内蒙古	白音他拉
内蒙古	白音特拉
内蒙古	白银哈尔
内蒙古	白云
内蒙古	白云鄂博
内蒙古	包头
内蒙古	包头北
内蒙古	包头东
内蒙古	包头西
内蒙古	宝拉格
内蒙古	宝龙山
内蒙古	宝门乡
内蒙古	宝木吐
内蒙古	保健
内蒙古	保康
内蒙古	北台子
内蒙古	北头河
内蒙古	北兴安
内蒙古	贲红
内蒙古	本井
内蒙古	毕克齐
内蒙古	博克图
内蒙古	布敦化
内蒙古	曹家营子
内蒙古	草六格尔
内蒙古	查布嘎
内蒙古	查干得日斯
内蒙古	查干哈达
内蒙古	查干芒和
内蒙古	查干诺尔
内蒙古	查干特格
内蒙古	察素齐
内蒙古	厂汗
内蒙古	朝格温多尔
内蒙古	朝脑沟
内蒙古	朝原
内蒙古	朝中
内蒙古	车家营子
内蒙古	成吉思汗
内蒙古	赤峰
内蒙古	赤峰东
内蒙古	赤峰西
内蒙古	楚鲁图
内蒙古	瓷窑湾
内蒙古	嵯岗
内蒙古	达盖
内蒙古	达拉特旗
内蒙古	达拉特西
内蒙古	达日其嘎
内蒙古	打拉亥
内蒙古	大板
内蒙古	大罕
内蒙古	大良
内蒙古	大林
内蒙古	大陆号
内蒙古	大其拉哈
内蒙古	大青沟
内蒙古	大石寨
内蒙古	大树湾
内蒙古	大雁
内蒙古	道德
内蒙古	道老杜
内蒙古	道仑郭勒
内蒙古	得耳布尔
内蒙古	德伯斯
内蒙古	德日斯图
内蒙古	刁家段
内蒙古	东宫
内蒙古	东壕
内蒙古	东来
内蒙古	东明村
内蒙古	东南营子
内蒙古	东胜
内蒙古	东胜西
内蒙古	东土城
内蒙古	东兴
内蒙古	都伦
内蒙古	杜尔基
内蒙古	杜家台
内蒙古	多尔本毛道
内蒙古	额济纳
内蒙古	鄂尔多斯
内蒙古	二道沟
内蒙古	二道沙河
内蒙古	二连
内蒙古	二龙
内蒙古	丰林
内蒙古	丰镇
内蒙古	风水沟
内蒙古	福巨
内蒙古	福生庄
内蒙古	福兴地
内蒙古	富林
内蒙古	嘎拉德斯汰
内蒙古	嘎什甸子
内蒙古	嘎什吐
内蒙古	甘河
内蒙古	甘旗卡
内蒙古	高家村
内蒙古	高林屯
内蒙古	高台子
内蒙古	格勒
内蒙古	葛根庙
内蒙古	根河
内蒙古	公积坂
内蒙古	公庙子
内蒙古	公主埂
内蒙古	沟口
内蒙古	孤山子
内蒙古	姑家堡
内蒙古	古城湾
内蒙古	古里金
内蒙古	古鲁满汗
内蒙古	古营盘
内蒙古	关碾房
内蒙古	归流河
内蒙古	郭尔奔敖包
内蒙古	哈达
内蒙古	哈克
内蒙古	哈拉沟
内蒙古	哈拉黑
内蒙古	哈拉苏
内蒙古	哈日努拉
内蒙古	哈业胡同
内蒙古	海拉尔
内蒙古	韩家村
内蒙古	罕台川
内蒙古	汗苏鲁
内蒙古	杭锦后旗
内蒙古	杭锦旗
内蒙古	豪门
内蒙古	好力套高
内蒙古	好鲁库
内蒙古	贺日斯台
内蒙古	赫尔洪得
内蒙古	黑沙土
内蒙古	红花沟
内蒙古	红砂坝
内蒙古	呼和浩特
内蒙古	呼和浩特东
内蒙古	呼和温都尔
内蒙古	呼吉尔
内蒙古	忽吉图
内蒙古	葫芦
内蒙古	湖北
内蒙古	湖南
内蒙古	互做布其
内蒙古	花吐古拉
内蒙古	化德
内蒙古	皇德
内蒙古	黄花筒
内蒙古	灰腾梁
内蒙古	辉森乌拉西
内蒙古	汇流河
内蒙古	霍林郭勒
内蒙古	霍林河
内蒙古	吉兰泰
内蒙古	吉文
内蒙古	集宁
内蒙古	集宁南
内蒙古	贾家街
内蒙古	碱柜
内蒙古	金宝屯
内蒙古	金河
内蒙古	金家店
内蒙古	金林
内蒙古	金银沟
内蒙古	经棚
内蒙古	景阳屯
内蒙古	静岭
内蒙古	喀喇其
内蒙古	开鲁
内蒙古	克一河
内蒙古	库都尔
内蒙古	库伦
内蒙古	昆都庙
内蒙古	昆独仑召
内蒙古	喇嘛山
内蒙古	老府
内蒙古	老哈河
内蒙古	老羊壕
内蒙古	老伊尔施
内蒙古	莲花山
内蒙古	林东
内蒙古	林西
内蒙古	临河
内蒙古	陵丘
内蒙古	岭北
内蒙古	岭南
内蒙古	刘伟壕
内蒙古	六地沟
内蒙古	芦家村
内蒙古	胪滨
内蒙古	马盖图
内蒙古	马架子
内蒙古	马林
内蒙古	满归
内蒙古	满洲里
内蒙古	毛德呼热
内蒙古	毛告吐
内蒙古	煤田
内蒙古	美岱召
内蒙古	门达
内蒙古	猛鹫山
内蒙古	免渡河
内蒙古	庙梁
内蒙古	民族
内蒙古	明安
内蒙古	明水河
内蒙古	莫尔道嘎
内蒙古	莫尔格
内蒙古	莫莫营子
内蒙古	木里图
内蒙古	牧原
内蒙古	那林桃亥
内蒙古	纳林沟门
内蒙古	乃林
内蒙古	奈曼
内蒙古	南木
内蒙古	南兴安
内蒙古	宁家
内蒙古	牛耳河
内蒙古	牛汾台
内蒙古	牛家营子
内蒙古	农垦四团
内蒙古	欧里
内蒙古	平顶庙
内蒙古	平庄
内蒙古	平庄南
内蒙古	七苏木
内蒙古	齐哈日格图
内蒙古	旗山
内蒙古	旗下营
内蒙古	旗下营东
内蒙古	前十家
内蒙古	钱家店
内蒙古	热水
内蒙古	萨拉齐
内蒙古	萨拉齐东
内蒙古	赛汗塔拉
内蒙古	赛乌苏
内蒙古	三把火
内蒙古	三道桥
内蒙古	三道营
内蒙古	三家子
内蒙古	三介海子
内蒙古	三义井
内蒙古	三营图
内蒙古	桑根达来
内蒙古	沙坝子
内蒙古	沙力
内蒙古	沙日乃
内蒙古	沙沙圪台
内蒙古	山湾子
内蒙古	商都
内蒙古	上店
内蒙古	舍伯吐
内蒙古	舍力虎
内蒙古	神东
内蒙古	十八台
内蒙古	石圪台
内蒙古	石拐
内蒙古	石灰窑
内蒙古	石门村
内蒙古	石门子
内蒙古	双泡子
内蒙古	双山屯
内蒙古	水地
内蒙古	四道湾
内蒙古	四分地
内蒙古	四分滩
内蒙古	四合
内蒙古	四合台
内蒙古	苏宏图
内蒙古	苏集
内蒙古	索伦
内蒙古	索图罕
内蒙古	塔尔气
内蒙古	塔拉哈尔
内蒙古	塔力根土
内蒙古	台阁牧
内蒙古	太平庄
内蒙古	桃儿湾
内蒙古	桃司兔
内蒙古	陶卜齐
内蒙古	陶思浩
内蒙古	天鹅湖
内蒙古	天义
内蒙古	通辽
内蒙古	通辽北
内蒙古	通辽东
内蒙古	通辽西
内蒙古	头道井
内蒙古	头道桥
内蒙古	图呼木
内蒙古	图克木庙
内蒙古	图里河
内蒙古	土贵乌拉
内蒙古	土牧尔台
内蒙古	吐列毛杜
内蒙古	瓦房
内蒙古	瓦窑坝
内蒙古	完工
内蒙古	万水泉
内蒙古	万水泉南
内蒙古	卫东
内蒙古	温都和硕
内蒙古	沃博尔
内蒙古	卧牛河
内蒙古	乌尔旗汗
内蒙古	乌固诺尔
内蒙古	乌海
内蒙古	乌海北
内蒙古	乌海西
内蒙古	乌拉山
内蒙古	乌拉特前旗
内蒙古	乌兰哈达
内蒙古	乌兰浩特
内蒙古	乌兰胡同
内蒙古	乌兰花
内蒙古	乌兰木伦
内蒙古	乌兰丘
内蒙古	乌兰中
内蒙古	乌奴耳
内蒙古	乌日根塔拉
内蒙古	乌日图
内蒙古	乌斯台
内蒙古	乌斯土
内蒙古	五叉沟
内蒙古	五道木
内蒙古	五十家子
内蒙古	五原
内蒙古	西斗铺
内蒙古	西胡尔清
内蒙古	西口
内蒙古	西里
内蒙古	西岭口
内蒙古	西六方
内蒙古	西土城
内蒙古	西小沟
内蒙古	西小召
内蒙古	西哲里木
内蒙古	汐子
内蒙古	锡林浩特
内蒙古	锡林呼都嘎
内蒙古	下坑子
内蒙古	夏拉哈马
内蒙古	响沙湾
内蒙古	小北
内蒙古	小河沿
内蒙古	新艾里
内蒙古	新安庄
内蒙古	新绰源
内蒙古	新街
内蒙古	新南沟
内蒙古	新窝铺
内蒙古	新贤城
内蒙古	新帐房
内蒙古	星耀
内蒙古	兴安岭
内蒙古	兴和
内蒙古	兴和西
内蒙古	牙克石
内蒙古	牙拉盖图
内蒙古	衙门庙
内蒙古	衙门营
内蒙古	雅鲁
内蒙古	岩山
内蒙古	燕舞
内蒙古	羊场
内蒙古	杨家营
内蒙古	伊尔施
内蒙古	伊和恩格拉
内蒙古	伊图里河
内蒙古	莺歌
内蒙古	营盘湾
内蒙古	永王庄
内蒙古	友谊水库
内蒙古	于海屯
内蒙古	余粮堡
内蒙古	宇宙地
内蒙古	育新
内蒙古	元宝山
内蒙古	原林
内蒙古	云端
内蒙古	扎赉诺尔
内蒙古	扎赉诺尔西
内蒙古	扎兰屯
内蒙古	扎鲁特
内蒙古	扎罗木得
内蒙古	哲里木
内蒙古	正镶白旗
内蒙古	治安
内蒙古	中台子
内蒙古	忠工屯
内蒙古	朱日和
内蒙古	珠日河牧场
内蒙古	珠斯花
内蒙古	转龙湾
内蒙古	准沙日乌苏
内蒙古	卓资东
内蒙古	卓资山
内蒙古	紫沟
辽宁	阿尔乡
辽宁	阿金
辽宁	安平
辽宁	鞍山
辽宁	鞍山西
辽宁	八角台
辽宁	八面城
辽宁	鲅鱼圈
辽宁	宝镜
辽宁	北磴
辽宁	北票南
辽宁	北台
辽宁	本溪
辽宁	本溪湖
辽宁	边沟
辽宁	渤海
辽宁	蚕厂屯
辽宁	苍石
辽宁	草河口
辽宁	草市
辽宁	叉车厂
辽宁	昌图
辽宁	昌图西
辽宁	朝阳
辽宁	陈相屯
辽宁	城子坦
辽宁	串子沟
辽宁	大巴
辽宁	大堡
辽宁	大成
辽宁	大甸
辽宁	大官屯
辽宁	大红旗
辽宁	大虎山
辽宁	大荒地
辽宁	大连
辽宁	大连北
辽宁	大刘家
辽宁	大平房
辽宁	大石桥
辽宁	大徐屯
辽宁	大雅河
辽宁	大营子
辽宁	大郑
辽宁	丹东
辽宁	刀尔登
辽宁	道口
辽宁	得胜台
辽宁	灯塔
辽宁	登沙河
辽宁	东戴河
辽宁	东沟门
辽宁	东湖
辽宁	东辛庄
辽宁	东营子
辽宁	段家
辽宁	凤凰城
辽宁	抚顺
辽宁	抚顺北
辽宁	阜新
辽宁	盖州
辽宁	盖州西
辽宁	高尔山
辽宁	高家岁
辽宁	高岭
辽宁	高桥镇
辽宁	高山子
辽宁	高台山
辽宁	高阳镇
辽宁	鸽子洞
辽宁	革镇堡
辽宁	公营子
辽宁	沟帮子
辽宁	孤家子
辽宁	古城子
辽宁	官家
辽宁	灌水
辽宁	广宁寺
辽宁	广盛
辽宁	郭家屯
辽宁	蛤蟆塘
辽宁	海城
辽宁	海城西
辽宁	寒岭
辽宁	何三家
辽宁	河汤沟
辽宁	黑石木
辽宁	红旗
辽宁	红石
辽宁	侯杖子
辽宁	葫芦岛
辽宁	葫芦岛北
辽宁	虎石台
辽宁	琥珀湖
辽宁	桓龙湖
辽宁	皇姑屯
辽宁	黄甲屯
辽宁	浑河
辽宁	火连寨
辽宁	鸡冠山
辽宁	夹心子
辽宁	建北
辽宁	建昌
辽宁	江家岭
辽宁	金场堡
辽宁	金城
辽宁	金坑
辽宁	金山湾
辽宁	金杖子
辽宁	金州
辽宁	锦州
辽宁	锦州南
辽宁	开原
辽宁	开原西
辽宁	孔家沟
辽宁	宽甸
辽宁	拉拉屯
辽宁	兰家
辽宁	兰家屯
辽宁	老边
辽宁	老古沟
辽宁	雷锋路
辽宁	李家屯
辽宁	李石寨
辽宁	励家
辽宁	连山关
辽宁	亮甲店
辽宁	辽阳
辽宁	辽中
辽宁	林家台
辽宁	林盛堡
辽宁	灵山
辽宁	凌海
辽宁	凌源
辽宁	凌源东
辽宁	刘家村
辽宁	刘家河
辽宁	刘屯
辽宁	柳树屯
辽宁	龙爪沟
辽宁	罗家
辽宁	旅顺
辽宁	马三家
辽宁	么荒
辽宁	庙阳
辽宁	民家
辽宁	明阳
辽宁	南芬
辽宁	南关岭
辽宁	南口前
辽宁	南票
辽宁	南桥
辽宁	南台
辽宁	南汤
辽宁	南洼
辽宁	南杂木
辽宁	能家
辽宁	泥河子
辽宁	牛角山
辽宁	牛心台
辽宁	牛庄
辽宁	女儿河
辽宁	盘锦
辽宁	盘锦北
辽宁	泡子
辽宁	皮口
辽宁	偏岭
辽宁	瓢儿屯
辽宁	普兰店
辽宁	普湾
辽宁	七里河
辽宁	祁家堡
辽宁	旗杆底
辽宁	前卫
辽宁	桥北
辽宁	桥头
辽宁	青堆子
辽宁	清河门
辽宁	清水河
辽宁	清原
辽宁	秋木庄
辽宁	曲家店
辽宁	泉沟
辽宁	泉水
辽宁	泉水屯
辽宁	绕阳河
辽宁	任家店
辽宁	三江口
辽宁	三十家
辽宁	三十里堡
辽宁	三台
辽宁	沙海
辽宁	沙河口
辽宁	沙后所
辽宁	上园
辽宁	深井子
辽宁	沈阳
辽宁	沈阳北
辽宁	沈阳东
辽宁	沈阳西
辽宁	十家子
辽宁	石城
辽宁	石脑
辽宁	石桥子
辽宁	石山
辽宁	世博园
辽宁	首山
辽宁	双羊店
辽宁	水泉
辽宁	四道沟
辽宁	四家子
辽宁	四台子
辽宁	松树
辽宁	松树台
辽宁	苏北
辽宁	苏家屯
辽宁	绥中
辽宁	绥中北
辽宁	塔山
辽宁	台安
辽宁	台集屯
辽宁	太子河
辽宁	坦甸
辽宁	汤河
辽宁	汤山城
辽宁	唐家
辽宁	唐王山
辽宁	桃园
辽宁	天德泉
辽宁	天桥
辽宁	天桥沟
辽宁	田家沟
辽宁	田师府
辽宁	铁佛寺
辽宁	铁岭
辽宁	铁岭西
辽宁	通远堡
辽宁	佟家
辽宁	瓦房店
辽宁	瓦房店西
辽宁	歪头山
辽宁	万家屯
辽宁	网户
辽宁	望山
辽宁	威宁
辽宁	魏杖子
辽宁	温泉寺
辽宁	吴家屯
辽宁	五龙背
辽宁	五女山
辽宁	五七
辽宁	五三
辽宁	西丰
辽宁	西柳
辽宁	西南杖子
辽宁	下夹河所
辽宁	下马塘
辽宁	夏家河
辽宁	小东
辽宁	小平房
辽宁	小市
辽宁	新城子
辽宁	新寒岭
辽宁	新开
辽宁	新立屯
辽宁	新岭
辽宁	新民
辽宁	新邱
辽宁	新园
辽宁	兴城
辽宁	兴隆店
辽宁	兴隆河
辽宁	杏树屯
辽宁	熊岳城
辽宁	许家屯
辽宁	宣家沟
辽宁	薛家
辽宁	雅河
辽宁	盐岛
辽宁	羊圈子
辽宁	杨家店
辽宁	杨树湾
辽宁	杨杖子
辽宁	姚千户屯
辽宁	叶柏寿
辽宁	一面山
辽宁	义县
辽宁	英额门
辽宁	营北
辽宁	营城子
辽宁	营东
辽宁	营口
辽宁	营口东
辽宁	永甸
辽宁	榆树台
辽宁	袁家堡
辽宁	张家堡
辽宁	张台子
辽宁	章党
辽宁	章古台
辽宁	彰武
辽宁	长甸
辽宁	长虹
辽宁	长岭子
辽宁	长山堡
辽宁	赵家
辽宁	中华寺
辽宁	中小所
辽宁	中兴
辽宁	钟杖子
辽宁	周家屯
辽宁	周水子
辽宁	庄河
吉林	安广
吉林	安图
吉林	八家子
吉林	白城
吉林	白河
吉林	白泉
吉林	白山市
吉林	白石山
吉林	白市
吉林	板石河
吉林	板杖子
吉林	宝山
吉林	葆园
吉林	堡石图
吉林	北岗
吉林	布海
吉林	采石场
吉林	蔡家沟
吉林	茶条沟
吉林	柴岗
吉林	朝阳川
吉林	朝阳镇
吉林	春阳
吉林	崔家营子
吉林	达家沟
吉林	大安
吉林	大安北
吉林	大东
吉林	大口钦
吉林	大梨树
吉林	大栗子
吉林	大桥
吉林	大泉眼
吉林	大石头
吉林	大土山
吉林	大屯
吉林	大仙
吉林	大兴沟
吉林	大兴镇
吉林	到保
吉林	道清
吉林	德惠
吉林	德惠西
吉林	丁家园
吉林	东丰
吉林	东丰北
吉林	东富
吉林	东通化
吉林	氡泉
吉林	敦化
吉林	二岔
吉林	二道河
吉林	二龙山
吉林	二密河
吉林	范家屯
吉林	丰广
吉林	丰库
吉林	枫叶岭
吉林	扶余
吉林	扶余北
吉林	干沟
吉林	工农湖
吉林	公主岭
吉林	公主岭南
吉林	孤店子
吉林	菇园
吉林	官字井
吉林	光辉
吉林	郭家店
吉林	果松
吉林	哈尔巴岭
吉林	哈福
吉林	哈拉海
吉林	哈玛
吉林	海龙
吉林	海坨子
吉林	和龙
吉林	河南
吉林	黑山头
吉林	黑水
吉林	胡家店
吉林	花山
吉林	华家
吉林	桦皮厂
吉林	荒沟西
吉林	黄柏
吉林	黄泥河
吉林	黄泥崴子
吉林	黄松甸
吉林	辉南
吉林	火炬沟
吉林	吉林
吉林	吉舒
吉林	集安
吉林	纪家
吉林	建设
吉林	江密峰
吉林	江源
吉林	蛟河
吉林	金山
吉林	金珠
吉林	九台
吉林	九台南
吉林	巨宝
吉林	卡伦
吉林	开安
吉林	开通
吉林	口前
吉林	拉法
吉林	砬子河
吉林	来福
吉林	老岭
吉林	老松岭
吉林	老爷岭
吉林	老营
吉林	乐园
吉林	两家
吉林	亮兵台
吉林	辽源
吉林	林子头
吉林	临江
吉林	刘家店
吉林	柳河
吉林	柳毛沟
吉林	六道河
吉林	六家
吉林	龙家堡
吉林	龙嘉
吉林	龙井
吉林	龙泉
吉林	龙山
吉林	露水河
吉林	满汉营
吉林	茂林
吉林	梅河口
吉林	米沙子
吉林	庙岭
吉林	明城
吉林	磨盘山
吉林	奈字井
吉林	南沟
吉林	南洮南
吉林	农安
吉林	磐石
吉林	平安
吉林	平安镇
吉林	平川
吉林	平岗
吉林	平台
吉林	七家子
吉林	七间房
吉林	棋盘
吉林	前窑
吉林	乾安
吉林	青沟子
吉林	庆丰
吉林	秋梨沟
吉林	曲水
吉林	泉阳
吉林	三宝屯
吉林	三队
吉林	三源浦
吉林	山场屯
吉林	山城镇
吉林	杉松岗
吉林	胜利
吉林	十里坪
吉林	石湖
吉林	石家
吉林	石岭
吉林	石人
吉林	石头河
吉林	石岘
吉林	舒兰
吉林	双安屯
吉林	双河镇
吉林	双吉
吉林	双辽
吉林	水洞
吉林	水礼
吉林	四合屯
吉林	四平
吉林	四平东
吉林	松江河
吉林	松江镇
吉林	松岭
吉林	松树镇
吉林	松原
吉林	塔虎城
吉林	太平川
吉林	太平岭
吉林	坦途
吉林	洮南
吉林	陶家屯
吉林	陶赖昭
吉林	天岗
吉林	天桥岭
吉林	铁厂
吉林	通沟
吉林	通化
吉林	通化县
吉林	通途
吉林	佟家店
吉林	铜佛寺
吉林	图们
吉林	土们岭
吉林	团林
吉林	团山
吉林	驼腰岭
吉林	湾沟
吉林	万隆
吉林	汪清
吉林	王府
吉林	苇子沟
吉林	渭津
吉林	沃皮
吉林	卧虎屯
吉林	五道沟
吉林	五家户
吉林	五棵树
吉林	西阳岔
吉林	溪洞
吉林	仙人桥
吉林	小姑家
吉林	小合隆
吉林	小山
吉林	谢家
吉林	谢家镇
吉林	新立镇
吉林	兴隆山
吉林	鸭园
吉林	亚复
吉林	烟筒山
吉林	延吉
吉林	阳岔
吉林	阳山
吉林	杨家粉坊
吉林	姚家
吉林	姚家坨子
吉林	遥林
吉林	一间堡
吉林	营城
吉林	影壁山
吉林	永宁
吉林	犹字井
吉林	榆树
吉林	榆树川
吉林	咋子
吉林	长春
吉林	长春东
吉林	长春南
吉林	长春西
吉林	长发
吉林	长山屯
吉林	赵家沟
吉林	枕头峰
吉林	镇赉
吉林	镇西
吉林	郑家堡
吉林	中德
吉林	朱三家
吉林	左家
黑龙江	阿城
黑龙江	阿木尔
黑龙江	爱河
黑龙江	安达
黑龙江	安家
黑龙江	昂昂溪
黑龙江	敖头
黑龙江	八村
黑龙江	八方
黑龙江	八虎力
黑龙江	八面通
黑龙江	白桦排
黑龙江	白奎堡
黑龙江	白山乡
黑龙江	半截河
黑龙江	宝林
黑龙江	宝泉岭
黑龙江	北安
黑龙江	北林
黑龙江	背荫河
黑龙江	笔架山
黑龙江	碧水
黑龙江	碧州
黑龙江	滨江
黑龙江	勃利
黑龙江	查班河
黑龙江	柴河
黑龙江	朝阳村
黑龙江	潮水
黑龙江	辰清
黑龙江	晨明
黑龙江	成高子
黑龙江	楚山
黑龙江	创业村
黑龙江	春亭阁
黑龙江	翠峰
黑龙江	翠岗
黑龙江	达拉滨
黑龙江	大观岭
黑龙江	大民屯
黑龙江	大庆
黑龙江	大庆西
黑龙江	大乌苏
黑龙江	大西
黑龙江	大兴
黑龙江	大扬气
黑龙江	大杨树
黑龙江	大杨树东
黑龙江	代马沟
黑龙江	带岭
黑龙江	滴道
黑龙江	东边井
黑龙江	东二道河
黑龙江	东方红
黑龙江	东海
黑龙江	东海县
黑龙江	东佳木斯
黑龙江	东津
黑龙江	东京城
黑龙江	东门
黑龙江	斗沟子
黑龙江	独立屯
黑龙江	杜家
黑龙江	对青山
黑龙江	二道湾
黑龙江	二井
黑龙江	二龙山屯
黑龙江	丰乐镇
黑龙江	冯屯
黑龙江	佛岭
黑龙江	福利屯
黑龙江	抚远
黑龙江	富海
黑龙江	富江镇
黑龙江	富锦
黑龙江	富拉尔基
黑龙江	富裕
黑龙江	高家
黑龙江	高老
黑龙江	高头
黑龙江	古城
黑龙江	古城镇
黑龙江	古莲
黑龙江	古源
黑龙江	光明
黑龙江	哈川
黑龙江	哈达阳
黑龙江	哈尔滨
黑龙江	哈尔滨东
黑龙江	哈尔滨西
黑龙江	哈力图
黑龙江	海北
黑龙江	海浪
黑龙江	海林
黑龙江	海伦
黑龙江	韩家园
黑龙江	寒葱沟
黑龙江	浩良河
黑龙江	鹤北
黑龙江	鹤岗
黑龙江	鹤立
黑龙江	鹤山
黑龙江	黑岗
黑龙江	黑河
黑龙江	黑台
黑龙江	恒地营
黑龙江	横道河子
黑龙江	红房子
黑龙江	红旗营
黑龙江	红山
黑龙江	红星
黑龙江	红兴隆
黑龙江	红彦
黑龙江	宏图
黑龙江	洪河
黑龙江	呼兰
黑龙江	呼源
黑龙江	呼中
黑龙江	虎尔虎拉
黑龙江	虎峰
黑龙江	虎林
黑龙江	虎山
黑龙江	互助
黑龙江	桦林
黑龙江	桦南
黑龙江	换新天
黑龙江	鸡东
黑龙江	鸡西
黑龙江	吉新河
黑龙江	加格达奇
黑龙江	加南
黑龙江	佳木斯
黑龙江	建三江
黑龙江	江桥
黑龙江	姜家
黑龙江	街基
黑龙江	界山
黑龙江	金山屯
黑龙江	锦河
黑龙江	劲松
黑龙江	九三
黑龙江	九营
黑龙江	峻德
黑龙江	卡路屯
黑龙江	开道
黑龙江	凯北
黑龙江	康金井
黑龙江	克东
黑龙江	克利
黑龙江	克山
黑龙江	宽沟
黑龙江	奎山
黑龙江	拉古
黑龙江	拉哈
黑龙江	拉林
黑龙江	喇嘛甸
黑龙江	兰岗
黑龙江	兰棱
黑龙江	兰岭
黑龙江	朗乡
黑龙江	劳动屯
黑龙江	老莱
黑龙江	梨树镇
黑龙江	李家
黑龙江	里木店
黑龙江	立志
黑龙江	连珠山
黑龙江	莲江口
黑龙江	林海
黑龙江	林口
黑龙江	林源
黑龙江	柳毛
黑龙江	柳树
黑龙江	六合镇
黑龙江	龙船
黑龙江	龙凤
黑龙江	龙江
黑龙江	龙门河
黑龙江	龙镇
黑龙江	鲁河
黑龙江	鹿道
黑龙江	绿潭
黑龙江	麻山
黑龙江	马莲河
黑龙江	马桥河
黑龙江	帽儿山
黑龙江	美溪
黑龙江	孟家岗
黑龙江	密山
黑龙江	密山西
黑龙江	庙台子
黑龙江	磨刀石
黑龙江	漠河
黑龙江	牡丹江
黑龙江	穆棱
黑龙江	南岔
黑龙江	讷尔克气
黑龙江	讷河
黑龙江	嫩江
黑龙江	碾子山
黑龙江	聂河
黑龙江	宁安
黑龙江	牛家
黑龙江	盘古
黑龙江	裴德
黑龙江	平房
黑龙江	平山
黑龙江	平洋
黑龙江	七台河
黑龙江	齐齐哈尔
黑龙江	前锋
黑龙江	前进镇
黑龙江	秦家
黑龙江	青岭子
黑龙江	青龙
黑龙江	青山
黑龙江	青水山
黑龙江	庆安
黑龙江	全胜
黑龙江	群力
黑龙江	三间房
黑龙江	沙园
黑龙江	山河屯
黑龙江	山市
黑龙江	尚家
黑龙江	尚志
黑龙江	申家店
黑龙江	神树
黑龙江	沈家
黑龙江	升昌
黑龙江	圣浪
黑龙江	十八站
黑龙江	石磷
黑龙江	石人城
黑龙江	石头
黑龙江	石长
黑龙江	树林
黑龙江	双城堡
黑龙江	双城北
黑龙江	双丰
黑龙江	双龙山
黑龙江	双鸭山
黑龙江	双子河
黑龙江	四方台
黑龙江	四马架
黑龙江	松青
黑龙江	松树林
黑龙江	宋
黑龙江	绥芬河
黑龙江	绥化
黑龙江	绥棱
黑龙江	绥西
黑龙江	绥阳
黑龙江	孙家
黑龙江	孙吴
黑龙江	他石海
黑龙江	塔尔根
黑龙江	塔哈
黑龙江	塔河
黑龙江	塔源
黑龙江	苔青
黑龙江	太岭
黑龙江	太平桥
黑龙江	太平镇
黑龙江	太阳沟
黑龙江	太阳升
黑龙江	泰康
黑龙江	泰来
黑龙江	汤池
黑龙江	汤旺河
黑龙江	汤原
黑龙江	桃山
黑龙江	铁力
黑龙江	通北
黑龙江	通天屯
黑龙江	图强
黑龙江	团结
黑龙江	瓦拉干
黑龙江	弯道
黑龙江	万发屯
黑龙江	万乐
黑龙江	王岗
黑龙江	王杨
黑龙江	王兆屯
黑龙江	威岭
黑龙江	苇河
黑龙江	卫星
黑龙江	温春
黑龙江	倭肯
黑龙江	卧里屯
黑龙江	乌兰昭
黑龙江	乌鲁布铁
黑龙江	乌伊岭
黑龙江	五常
黑龙江	五大连池
黑龙江	五家
黑龙江	五林
黑龙江	五营
黑龙江	西岗子
黑龙江	西林
黑龙江	西麻山
黑龙江	下城子
黑龙江	香坊
黑龙江	香兰
黑龙江	襄河
黑龙江	向阳
黑龙江	向阳川
黑龙江	向阳村
黑龙江	小白
黑龙江	小黑山
黑龙江	小岭
黑龙江	小扬气
黑龙江	小榆树
黑龙江	新高峰
黑龙江	新华
黑龙江	新华屯
黑龙江	新林
黑龙江	新青
黑龙江	新泉
黑龙江	新松浦
黑龙江	新天
黑龙江	新香坊
黑龙江	新彦
黑龙江	新友谊
黑龙江	新肇
黑龙江	兴福
黑龙江	兴凯
黑龙江	兴莲
黑龙江	兴隆镇
黑龙江	兴无
黑龙江	杏树
黑龙江	绣峰
黑龙江	徐家
黑龙江	亚布力
黑龙江	亚布力南
黑龙江	亚沟
黑龙江	亚河
黑龙江	烟筒屯
黑龙江	阎家
黑龙江	羊草
黑龙江	杨岗
黑龙江	杨家
黑龙江	杨木
黑龙江	一面坡
黑龙江	伊春
黑龙江	伊拉哈
黑龙江	伊林
黑龙江	依安
黑龙江	银浪
黑龙江	迎春
黑龙江	永安乡
黑龙江	永庆
黑龙江	永胜
黑龙江	友好
黑龙江	榆树屯
黑龙江	玉泉
黑龙江	扎音河
黑龙江	张维屯
黑龙江	长发屯
黑龙江	长汀镇
黑龙江	赵光
黑龙江	肇东
黑龙江	治山
黑龙江	中和
黑龙江	周家
黑龙江	朱家沟
黑龙江	壮志
上海	安亭北
上海	漕泾
上海	车墩
上海	春申
上海	枫泾
上海	封浜
上海	海湾
上海	黄渡
上海	黄渡所
上海	金山北
上海	金山卫
上海	金山卫东
上海	金山卫西
上海	金山园区
上海	芦潮港
上海	南翔北
上海	南翔北所
上海	七宝
上海	山阳
上海	上海
上海	上海虹桥
上海	上海南
上海	上海西
上海	四团
上海	松江
上海	松江南
上海	亭林
上海	新桥
上海	叶榭
江苏	宝华山
江苏	栟茶
江苏	常州
江苏	常州北
江苏	崔寨
江苏	大湖
江苏	丹徒
江苏	丹阳
江苏	丹阳北
江苏	东台
江苏	阜宁
江苏	海安县
江苏	花桥
江苏	淮安
江苏	淮安南
江苏	惠山
江苏	夹河寨
江苏	建湖
江苏	江都
江苏	江宁
江苏	姜堰
江苏	句容西
江苏	昆山
江苏	昆山南
江苏	溧水
江苏	溧阳
江苏	连云港
江苏	连云港东
江苏	林场
江苏	刘集
江苏	六合
江苏	南京
江苏	南京南
江苏	南京西
江苏	南通
江苏	沛屯
江苏	沛县
江苏	邳州
江苏	戚墅堰
江苏	如东
江苏	如皋
江苏	石湖村
江苏	沭阳
江苏	泗洪
江苏	泗阳
江苏	苏州
江苏	苏州北
江苏	苏州新区
江苏	苏州园区
江苏	泰州
江苏	亭子山
江苏	铜山
江苏	瓦屋山
江苏	弯集
江苏	无锡
江苏	无锡东
江苏	无锡新区
江苏	仙林
江苏	新沂
江苏	墟沟
江苏	徐州
江苏	徐州东
江苏	盐城
江苏	扬州
江苏	阳澄湖
江苏	洋河
江苏	仪征
江苏	宜兴
江苏	永宁镇
江苏	张寨
江苏	镇江
江苏	镇江南
江苏	郑集
江苏	中华门
浙江	鳌江
浙江	白鹿塘
浙江	苍南
浙江	德清
浙江	德清西
浙江	奉化
浙江	艮山门
浙江	海宁
浙江	海宁西
浙江	杭州
浙江	杭州东
浙江	杭州东所
浙江	杭州南
浙江	湖州
浙江	嘉善
浙江	嘉善南
浙江	嘉兴
浙江	嘉兴南
浙江	笕桥
浙江	江山
浙江	金华南
浙江	金华西
浙江	缙云
浙江	兰溪
浙江	乐清
浙江	丽水
浙江	临海
浙江	龙游
浙江	宁波
浙江	宁波东
浙江	宁海
浙江	浦江
浙江	千岛湖
浙江	青田
浙江	衢州
浙江	瑞安
浙江	三门县
浙江	上虞
浙江	上虞北
浙江	绍兴
浙江	绍兴北
浙江	绅坊
浙江	台州
浙江	桐乡
浙江	温岭
浙江	温州
浙江	温州南
浙江	武义
浙江	新安江
浙江	新东孝
浙江	新塘边
浙江	雁荡山
浙江	义乌
浙江	永昌
浙江	永嘉
浙江	永康
浙江	余杭
浙江	余姚
浙江	余姚北
浙江	长安镇
浙江	长兴
浙江	长兴南
浙江	诸暨
浙江	庄桥
安徽	安庆
安徽	安庆西
安徽	蚌埠
安徽	蚌埠南
安徽	亳州
安徽	巢北
安徽	巢湖
安徽	池州
安徽	滁州
安徽	滁州北
安徽	砀山
安徽	定远
安徽	东至
安徽	墩义堂
安徽	肥东
安徽	肥西
安徽	凤阳
安徽	符离集
安徽	阜南
安徽	阜阳
安徽	固镇
安徽	广德
安徽	合肥
安徽	合肥北城
安徽	合肥西
安徽	淮北
安徽	淮南
安徽	淮南东
安徽	黄山
安徽	霍邱
安徽	绩溪县
安徽	金寨
安徽	柯坦
安徽	灵璧
安徽	六安
安徽	庐江
安徽	炉桥
安徽	马鞍山
安徽	明光
安徽	宁国
安徽	祁门
安徽	青龙山
安徽	全椒
安徽	三十里铺
安徽	三堂集
安徽	狮子山
安徽	舒城
安徽	水家湖
安徽	泗县
安徽	太和县
安徽	太湖
安徽	天柱山
安徽	桐城
安徽	铜陵
安徽	望江
安徽	涡阳
安徽	芜湖
安徽	歙县
安徽	新河
安徽	宿松
安徽	宿州
安徽	宿州东
安徽	宣城
安徽	叶集
安徽	颍上
安徽	裕溪口
安徽	张集
安徽	长安集
福建	安溪
福建	坂尾
福建	草坂
福建	大深
福建	杜坞
福建	福安
福建	福德
福建	福鼎
福建	福清
福建	福州
福建	福州南
福建	感德
福建	格口
福建	古田
福建	冠豸山
福建	光泽
福建	涵江
福建	涵江北
福建	湖头
福建	华安
福建	基太
福建	建宁县北
福建	建瓯
福建	建阳
福建	将乐
福建	角美
福建	金谷
福建	晋江
福建	来舟
福建	连江
福建	龙山镇
福建	龙岩
福建	罗源
福建	马坑
福建	麦园
福建	梅水坑
福建	闽清
福建	南安
福建	南靖
福建	南平
福建	南平南
福建	宁德
福建	苹林
福建	莆田
福建	前场
福建	青州
福建	泉州
福建	泉州东
福建	三明
福建	三明北
福建	沙县
福建	厦门
福建	厦门北
福建	厦门高崎
福建	上杭
福建	邵武
福建	顺昌
福建	苏坂
福建	太姥山
福建	泰宁
福建	外洋
福建	武夷山
福建	霞浦
福建	夏茂
福建	仙师
福建	小舟
福建	杏林
福建	雁石
福建	永安
福建	永定
福建	永泰
福建	尤溪
福建	云霄
福建	漳平
福建	漳浦
福建	漳州
福建	漳州东
福建	樟林
福建	长基
福建	长庆
福建	长汀
福建	诏安
福建	中仙
江西	八都
江西	白源
江西	彬江
江西	茶亭
江西	崇仁
江西	大岗
江西	大洋洲
江西	德安
江西	定南
江西	东乡
江西	分宜
江西	丰城
江西	丰城南
江西	浮梁
江西	福港
江西	抚州
江西	抚州北
江西	甘棠
江西	赣县
江西	赣州
江西	赣州东
江西	高兴镇
江西	共青城
江西	冠朝
江西	贵溪
江西	河下
江西	横峰
江西	横岗
江西	湖口
江西	画桥
江西	黄土岗
江西	吉安
江西	吉安南
江西	吉水
江西	江边村
江西	江家
江西	进贤
江西	井冈山
江西	景德镇
江西	九江
江西	九江西
江西	九里垄
江西	军山
江西	醪桥
江西	乐化
江西	乐平市
江西	栗木
江西	莲塘
江西	梁家渡
江西	临川
江西	龙口
江西	龙南
江西	龙市
江西	芦溪
江西	庐山
江西	罗陂岗
江西	罗坊
江西	吕坊
江西	马回岭
江西	南昌
江西	南昌北
江西	南昌西
江西	南城
江西	南丰
江西	南康
江西	南塘镇
江西	鲇鱼山
江西	彭泽
江西	萍乡
江西	铅山西
江西	泉江
江西	瑞昌
江西	瑞金
江西	三江镇
江西	沙村
江西	上饶
江西	泰和
江西	潭岗
江西	腾桥
江西	万年
江西	温家圳
江西	西村
江西	西江
江西	峡江
江西	向塘
江西	向塘西
江西	小池口
江西	新干
江西	新祺周
江西	新余
江西	信丰
江西	兴国
江西	杨家岭
江西	姚家洲
江西	宜春西
江西	弋阳
江西	鹰潭
江西	营盘上
江西	硬石岭
江西	永平
江西	永修
江西	于都
江西	余家
江西	余江
江西	玉山
江西	张家山
江西	张巷
江西	樟树
江西	樟树东
江西	峙滩
江西	资溪
江西	左港
山东	北牟
山东	博山
山东	博兴
山东	埠西头
山东	沧口
山东	曹县
山东	草庙子
山东	昌乐
山东	常庄
山东	城阳
山东	磁窑
山东	崔马庄所
山东	大港
山东	大昆仑
山东	党家庄
山东	德州
山东	德州东
山东	定陶
山东	东明县
山东	东营
山东	范镇
山东	费县
山东	高密
山东	海阳
山东	菏泽
山东	菏泽南
山东	黑旺
山东	桓台
山东	黄口
山东	济南
山东	济南东
山东	济南西
山东	济南中心
山东	济宁
山东	济铁旅
山东	嘉祥
山东	胶州
山东	胶州北
山东	莒南
山东	莒县
山东	巨野
山东	鄄城
山东	口头
山东	莱芜东
山东	莱芜西
山东	莱西
山东	莱阳
山东	蓝村
山东	梁堤头
山东	梁山
山东	聊城
山东	聊城北
山东	临清
山东	临西
山东	临沂
山东	临沂北
山东	临淄
山东	蔺家楼
山东	刘征
山东	南博山
山东	南仇
山东	南定
山东	平邑
山东	平原
山东	铺集
山东	桥南
山东	青岛
山东	青岛北
山东	青州市
山东	曲阜
山东	曲阜东
山东	日照
山东	乳山
山东	上高镇
山东	司家岭
山东	四方
山东	泗水
山东	算王庄
山东	泰安
山东	泰山
山东	郯城
山东	桃村
山东	桃村东
山东	滕州
山东	滕州东
山东	威海
山东	潍坊
山东	文登
山东	五莲
山东	西桐古
山东	下初
山东	烟台
山东	兖州
山东	晏城
山东	晏城北
山东	燕家庄
山东	阳谷
山东	沂南
山东	沂水
山东	禹城
山东	源迁
山东	郓城
山东	枣庄
山东	枣庄西
山东	章丘
山东	诸城
山东	诸往
山东	淄博
山东	淄川
山东	邹城
河南	安阳
河南	安阳东
河南	白合
河南	北召店
河南	草店
河南	待王
河南	邓州
河南	董庄
河南	二郎庙
河南	封丘
河南	耿坡
河南	巩义
河南	巩义南
河南	构林
河南	固始
河南	关林
河南	韩堂
河南	鹤壁
河南	鹤壁东
河南	后寨
河南	滑县南
河南	淮滨
河南	潢川
河南	获嘉
河南	济源
河南	焦作
河南	焦作东
河南	开封
河南	兰考
河南	莲东
河南	临汝镇
河南	临颍
河南	灵宝
河南	灵宝西
河南	留庄
河南	鲁山
河南	罗山
河南	洛阳
河南	洛阳东
河南	洛阳龙门
河南	漯河
河南	漯河西
河南	孟津
河南	孟庙
河南	渑池
河南	渑池南
河南	庙下
河南	民权
河南	明港
河南	明港东
河南	南阳
河南	南阳东
河南	南阳西
河南	南召
河南	内乡
河南	捏掌
河南	宁陵县
河南	盘古寺
河南	平顶山
河南	平顶山西
河南	蒲山店
河南	圃田西
河南	沁河北
河南	沁阳
河南	确山
河南	瀼河
河南	穰东
河南	汝阳
河南	汝州
河南	三门峡
河南	三门峡南
河南	三门峡西
河南	商城
河南	商酒务
河南	商丘
河南	商丘南
河南	上街
河南	沈丘
河南	狮子营
河南	遂平
河南	塔前
河南	台前
河南	太要
河南	汤阴
河南	唐河
河南	桐柏
河南	王楼
河南	王庄
河南	卫辉
河南	文庄村
河南	西平
河南	西峡
河南	息县
河南	夏集
河南	夏邑县
河南	项城
河南	小屯街
河南	新安县
河南	新县
河南	新乡
河南	新乡东
河南	新郑
河南	信阳
河南	信阳东
河南	修武
河南	许昌
河南	许昌东
河南	延津
河南	偃师
河南	伊川
河南	义马
河南	虞城县
河南	月山
河南	长葛
河南	长垣
河南	镇平
河南	郑州
河南	郑州东
河南	郑州西
河南	轵城
河南	中牟
河南	中原
河南	周口
河南	驻马店
河南	驻马店西
湖北	安陆
湖北	巴东
湖北	蔡山
湖北	陈家湖
湖北	赤壁
湖北	赤壁北
湖北	大冶北
湖北	丹水池
湖北	当阳
湖北	鄂州
湖北	鄂州东
湖北	恩施
湖北	郜营
湖北	隔蒲
湖北	葛店南
湖北	谷城
湖北	广水
湖北	汉川
湖北	汉口
湖北	汉西
湖北	何刘
湖北	贺胜桥东
湖北	横车
湖北	横店东
湖北	横沟桥东
湖北	红安
湖北	红安西
湖北	胡家营
湖北	花果
湖北	花湖
湖北	花山南
湖北	花山所
湖北	花园
湖北	华容
湖北	华容东
湖北	华容南
湖北	黄冈
湖北	黄冈东
湖北	黄冈西
湖北	黄梅
湖北	黄石
湖北	黄石北
湖北	黄石东
湖北	黄州
湖北	建始
湖北	界首市
湖北	京山
湖北	荆门
湖北	荆州
湖北	孔垄
湖北	浪河
湖北	老河口东
湖北	厉山
湖北	利川
湖北	凉雾
湖北	流芳
湖北	麻城
湖北	麻城北
湖北	马棚
湖北	庙山
湖北	南湖东
湖北	蒲圻
湖北	普安
湖北	蕲春
湖北	潜江
湖北	山坡东
湖北	滠口
湖北	十堰
湖北	松滋
湖北	随州
湖北	汤逊湖
湖北	天门
湖北	天门南
湖北	铁山
湖北	土地堂东
湖北	团风
湖北	乌龙泉南
湖北	武昌
湖北	武昌东
湖北	武昌南
湖北	武当山
湖北	武汉
湖北	武汉北
湖北	武穴
湖北	西河村
湖北	西斋
湖北	浠水
湖北	下辛店
湖北	仙桃西
湖北	咸宁
湖北	咸宁北
湖北	咸宁东
湖北	咸宁南
湖北	襄阳
湖北	襄阳北
湖北	襄阳东
湖北	肖马杨所
湖北	小花果
湖北	小林
湖北	孝感
湖北	孝感北
湖北	新墩
湖北	鸦雀岭
湖北	阳新
湖北	宜昌
湖北	宜昌东
湖北	宜城
湖北	应城
湖北	余家湾
湖北	云梦
湖北	枣阳
湖北	长江埠
湖北	长阳
湖北	枝城
湖北	枝江北
湖北	纸坊东
湖北	钟祥
湖北	周铁岗
湖北	左岭
湖南	安化
湖南	安仁
湖南	茶陵
湖南	茶陵南
湖南	茶陵西
湖南	常德
湖南	郴州
湖南	郴州西
湖南	辰溪
湖南	慈利
湖南	道州
湖南	低庄
湖南	东安
湖南	东安东
湖南	海安南
湖南	汉寿
湖南	衡南
湖南	衡山
湖南	衡山西
湖南	衡阳
湖南	衡阳东
湖南	怀化
湖南	会同
湖南	吉首
湖南	江华
湖南	江永
湖南	靖州
湖南	捞刀河
湖南	耒阳
湖南	耒阳西
湖南	冷水江东
湖南	理家坪
湖南	澧县
湖南	醴陵
湖南	涟源
湖南	临澧
湖南	临湘
湖南	零陵
湖南	娄底
湖南	泸阳
湖南	路口铺
湖南	麻阳
湖南	马田墟
湖南	猛洞河
湖南	汨罗
湖南	汨罗东
湖南	宁乡
湖南	祁东
湖南	祁东北
湖南	祁阳
湖南	祁阳北
湖南	韶山
湖南	邵东
湖南	邵阳
湖南	石门县
湖南	石门县北
湖南	双牌
湖南	塘豹
湖南	通道
湖南	湘潭
湖南	湘乡
湖南	向韶
湖南	新化
湖南	新晃
湖南	新桥铺
湖南	溆浦
湖南	炎陵
湖南	益阳
湖南	益阳东
湖南	永州
湖南	攸县
湖南	攸县南
湖南	岳阳
湖南	岳阳东
湖南	张家界
湖南	张家界北
湖南	长沙
湖南	长沙南
湖南	株洲
湖南	株洲西
湖南	紫溪
广东	坂田
广东	北滘
广东	碧江
广东	常平
广东	潮汕
广东	潮阳
广东	潮州
广东	车岗
广东	春湾
广东	翠亨
广东	大埔
广东	电白
广东	东莞
广东	东莞东
广东	东升
广东	丰顺
广东	佛山
广东	高州
广东	古镇
广东	光明城
广东	广州
广东	广州北
广东	广州东
广东	广州南
广东	广州西
广东	和平
广东	河源
广东	鲘门
广东	虎门
广东	琥市
广东	华城
广东	化州
广东	惠东
广东	惠州
广东	惠州南
广东	惠州西
广东	江海
广东	江门
广东	揭阳
广东	锦和
广东	九龙
广东	葵潭
广东	乐昌
广东	雷州
广东	礼乐
广东	连江口
广东	廉江
广东	龙川
广东	芦洪市
广东	陆丰
广东	茂名
广东	茂名东
广东	梅州
广东	明珠
广东	南朗
广东	南头
广东	平湖
广东	平湖南
广东	坪石
广东	普宁
广东	前山
广东	清远
广东	庆盛
广东	饶平
广东	容桂
广东	三水
广东	沙琅
广东	汕头
广东	汕尾
广东	韶关
广东	韶关东
广东	畲江
广东	深圳
广东	深圳北
广东	深圳东
广东	深圳坪山
广东	深圳西
广东	石龙
广东	顺德
广东	顺德学院
广东	遂溪
广东	唐家湾
广东	塘口
广东	桃映
广东	天堂
广东	吴川
广东	西丽
广东	小榄
广东	新会
广东	新兴县
广东	信宜
广东	兴宁
广东	徐闻
广东	阳春
广东	英德
广东	英德西
广东	源潭
广东	湛江
广东	湛江西
广东	樟木头
广东	肇庆
广东	中山
广东	中山北
广东	珠海
广东	珠海北
广西	八渡
广西	百浪
广西	百里村
广西	百色
广西	板其
广西	板桃
广西	北海
广西	北流
广西	岑溪
广西	程村
广西	崇左
广西	大岭
广西	大拟
广西	大溶江
广西	大王滩
广西	大元
广西	德胜
广西	防城
广西	防城港
广西	防城港北
广西	凤凰
广西	扶绥
广西	富川
广西	根龙
广西	古砦
广西	贵港
广西	桂林
广西	桂林北
广西	桂平
广西	合浦
广西	河唇
广西	贺州
广西	黄沙河
广西	江西村
广西	金城江
广西	金鸡村
广西	井头墟
广西	康熙岭
广西	来宾
广西	来宾北
广西	濑湍
广西	蓝家村
广西	老堡
广西	黎塘
广西	黎塘西
广西	伶俐
广西	柳城
广西	柳州
广西	柳州南
广西	柳州直销
广西	龙伯屯
广西	隆安
广西	陆川
广西	鹿寨
广西	鹿寨北
广西	潞城乡
广西	洛东
广西	洛满
广西	马皇
广西	马路圩
广西	茅岭
广西	庙头
广西	那罗
广西	那铺
广西	南丹
广西	南宁
广西	南宁东
广西	宁村
广西	宁明
广西	平果
广西	平林村
广西	平南南
广西	凭祥
广西	钦州
广西	钦州东
广西	渠旧
广西	渠黎
广西	全州
广西	全州南
广西	容县
广西	融安
广西	融水
广西	三江县
广西	绍水
广西	双蒙
广西	泗亭
广西	太阳村
广西	塘库
广西	藤县
广西	天西
广西	田丁
广西	田东
广西	田林
广西	田阳
广西	亭亮
广西	汪甸
广西	文地
广西	吴圩
广西	梧州
广西	梧州南
广西	下塘
广西	夏石
广西	小董
广西	兴安
广西	兴安北
广西	兴业
广西	牙屯堡
广西	严关乡
广西	叶茂
广西	宜州
广西	永福
广西	永福南
广西	永乐
广西	玉林
广西	寨隆
广西	长岗岭
广西	钟山
海南	博鳌
海南	东方
海南	海口
海南	海口东
海南	陵水
海南	美兰
海南	琼海
海南	三亚
海南	神州
海南	万宁
海南	文昌
海南	亚龙湾
重庆	白马
重庆	白沙
重庆	白沙沱
重庆	白涛
重庆	保家楼
重庆	北碚
重庆	大足
重庆	东升坝
重庆	丰都
重庆	涪陵
重庆	涪陵北
重庆	复盛
重庆	甘家坝
重庆	泔溪
重庆	赶水
重庆	干溪沟
重庆	高谷
重庆	合川
重庆	核桃园
重庆	江津
重庆	梨树湾
重庆	梁平
重庆	蔺市
重庆	龙池
重庆	珞璜
重庆	麻旺
重庆	梅江
重庆	庙坝
重庆	民福寺
重庆	磨溪
重庆	磨心坡
重庆	南川
重庆	彭水
重庆	七龙星
重庆	齐岳山
重庆	綦江
重庆	黔江
重庆	茄子溪
重庆	荣昌
重庆	三江
重庆	沙坪坝
重庆	石门坎
重庆	石沱
重庆	石柱县
重庆	石子坝
重庆	双溪
重庆	水江
重庆	太洪
重庆	唐家沱
重庆	铜罐驿
重庆	潼南
重庆	土坎
重庆	团结村
重庆	万州
重庆	王家坝
重庆	五桥
重庆	武隆
重庆	夏坝
重庆	小南海
重庆	小南垭
重庆	秀山
重庆	鸭江
重庆	永川
重庆	酉阳
重庆	鱼背山
重庆	鱼泉
重庆	鱼嘴
重庆	郁山
重庆	长寿
重庆	长寿北
重庆	长潭沟
重庆	镇紫街
重庆	中嘴
重庆	重庆
重庆	重庆北
重庆	重庆东
重庆	重庆南
重庆	重庆西
重庆	朱杨溪
四川	阿寨
四川	埃岱
四川	安德
四川	安富镇
四川	安家湾
四川	安靖
四川	巴山
四川	巴中
四川	白果
四川	白石岩
四川	白水
四川	柏村
四川	柏林
四川	丙谷
四川	步行街
四川	朝天
四川	陈家湾
四川	成都
四川	成都东
四川	成都南
四川	茨坝
四川	达州
四川	大山铺
四川	大滩
四川	大英
四川	大英东
四川	代湾
四川	德昌
四川	德阳
四川	登瀛崖
四川	都江堰
四川	渡口
四川	渡市
四川	峨边
四川	峨眉
四川	峨眉山
四川	尔赛河
四川	峰高铺
四川	福溪
四川	甘洛
四川	高兴
四川	格里坪
四川	公兴
四川	共和
四川	古家沱
四川	关村坝
四川	广安
四川	广安南
四川	广汉
四川	广汉北
四川	广顺场
四川	广元
四川	广元东
四川	广元南
四川	汉王山
四川	汉旺
四川	汉源
四川	横江
四川	红峰
四川	红光镇
四川	红花塘
四川	洪安乡
四川	侯家坪
四川	花楼坝
四川	花棚子
四川	华蓥
四川	黄
四川	黄家坝
四川	黄联关
四川	黄水塘
四川	黄洋
四川	嘉川
四川	简阳
四川	江油
四川	金刚沱
四川	金口河
四川	金沙湾
四川	金堂
四川	经久
四川	旌阳
四川	敬梓场
四川	九里
四川	聚源
四川	开江
四川	孔滩
四川	拉白
四川	拉鲊
四川	栏杆滩
四川	乐坝
四川	乐山
四川	乐山北
四川	乐武
四川	乐跃
四川	离堆公园
四川	礼州
四川	李冰广场
四川	李市镇
四川	联合乡
四川	凉红
四川	临巴溪
四川	临江场
四川	临江寺
四川	灵仙庙
四川	刘沟
四川	龙潭寺
四川	隆昌
四川	罗江
四川	罗江东
四川	麻栗
四川	马村
四川	马角坝
四川	马街
四川	漫水湾
四川	毛坝
四川	眉山
四川	眉山东
四川	米易
四川	密地
四川	绵阳
四川	冕宁
四川	冕山
四川	庙子沟
四川	墨池坝
四川	木瓜坪
四川	南岸坝
四川	南充
四川	南充东
四川	南尔岗
四川	内江
四川	内江南
四川	尼波
四川	尼日
四川	牛坪子
四川	攀枝花
四川	彭山
四川	彭山北
四川	彭州
四川	彭州南
四川	蓬安
四川	蓬溪
四川	郫县
四川	郫县东
四川	郫县西
四川	平等
四川	蒲坝
四川	蒲家
四川	普济
四川	普兴
四川	普雄
四川	青白江东
四川	青城山
四川	青杠
四川	青花
四川	青莲
四川	青龙场
四川	青神
四川	渠县
四川	冉家河
四川	赛金桥
四川	三道堰
四川	三堆子
四川	三汇坝
四川	三汇镇
四川	沙坝
四川	沙马拉达
四川	沙湾
四川	上格达
四川	上普雄
四川	尚武
四川	师庄
四川	石板滩
四川	石场
四川	石桥镇
四川	石柱槽
四川	双凤驿
四川	双福
四川	双流
四川	双流机场
四川	双流西
四川	双龙
四川	双石桥
四川	顺河场
四川	思
四川	苏雄
四川	遂宁
四川	遂宁南
四川	太和
四川	覃家坝
四川	铁口
四川	铁西
四川	桐子林
四川	土溪
四川	瓦祖
四川	弯
四川	万盛
四川	万源
四川	王场
四川	旺苍
四川	吴场
四川	五凤溪
四川	西昌
四川	西昌北
四川	西昌南
四川	犀浦
四川	犀浦东
四川	喜德
四川	下两
四川	下普雄
四川	小高
四川	新都东
四川	新江
四川	新津
四川	新津南
四川	新凉
四川	新民场
四川	新铁村
四川	宣汉
四川	巡场
四川	垭口
四川	燕岗
四川	杨漩
四川	养马河
四川	一步滩
四川	宜宾
四川	宜宾南
四川	迤资
四川	迎宾路
四川	迎祥街
四川	营山
四川	永郎
四川	油溪
四川	鱼洞
四川	俞冲
四川	元坝
四川	月华
四川	岳池
四川	越西
四川	枣子林
四川	长河坝
四川	长河碥
四川	长沙埂
四川	轸溪
四川	竹园坝
四川	资阳
四川	资中
四川	梓潼
四川	自贡
贵州	安龙
贵州	安顺
贵州	白鸡坡
贵州	白水河
贵州	柏果
贵州	宝老山
贵州	曹家湾
贵州	草海
贵州	册亨
贵州	岔江
贵州	昌明
贵州	茨冲
贵州	从江
贵州	打括
贵州	打羊
贵州	大河坝
贵州	大湾
贵州	都格
贵州	都匀
贵州	都匀东
贵州	独山
贵州	二道岩
贵州	发耳
贵州	峰洞
贵州	福泉
贵州	高峰
贵州	高炉子
贵州	高坪铺
贵州	革居
贵州	关寨
贵州	贵定
贵州	贵定南
贵州	贵阳
贵州	贵阳北
贵州	贵阳东
贵州	贵阳西
贵州	河阳
贵州	红果
贵州	红花园
贵州	湖潮
贵州	花家庄
贵州	花土坡
贵州	化处
贵州	黄平
贵州	黄丝
贵州	黄桶
贵州	汇塘河
贵州	鸡场坡
贵州	加劳
贵州	蕉溪
贵州	金钟
贵州	九龙塘
贵州	开阳
贵州	凯里
贵州	滥坝
贵州	老锅厂
贵州	老王洞
贵州	李家湾
贵州	李子沟
贵州	凉风垭
贵州	凉水井
贵州	两所屯
贵州	六个鸡
贵州	六盘水
贵州	六盘水南
贵州	六枝
贵州	龙广
贵州	龙里
贵州	龙里北
贵州	娄山关
贵州	鲁番
贵州	麻江
贵州	麻尾
贵州	马场
贵州	马嘎
贵州	茅草坪
贵州	么铺
贵州	梅花山
贵州	蒙渡
贵州	墨冲
贵州	木竹河
贵州	那玉
贵州	南江
贵州	盘关
贵州	品甸
贵州	平坝
贵州	平关
贵州	平田
贵州	葡萄菁
贵州	普定
贵州	青溪
贵州	清水沟
贵州	清水河西
贵州	榕江
贵州	三都县
贵州	三家寨
贵州	三江农场
贵州	三元坝
贵州	沙厂坪
贵州	沙沱
贵州	上西铺
贵州	施秉
贵州	石板哨
贵州	石丫口
贵州	双水
贵州	水城
贵州	水花
贵州	松坝
贵州	松河
贵州	松坎
贵州	松桃
贵州	太白
贵州	天龙
贵州	桐木寨
贵州	桐梓
贵州	铜仁
贵州	瓦窑田
贵州	威箐
贵州	威舍
贵州	息烽
贵州	相思河
贵州	小雨谷
贵州	新场
贵州	新平坝
贵州	新坪田
贵州	星朗
贵州	兴义
贵州	学庄
贵州	羊昌
贵州	羊坪
贵州	迤那
贵州	营街
贵州	雨格
贵州	玉屏
贵州	玉舍
贵州	元田坝
贵州	月亮田
贵州	镇远
贵州	郑屯
贵州	织金
贵州	朱嘎
贵州	朱石寨
贵州	遵义
云南	阿南庄
云南	白沙坡
云南	白水镇
云南	白塔村
云南	班猫箐
云南	碧鸡关
云南	苍坪
云南	草坝
云南	曾家坪子
云南	岔河
云南	车转湾
云南	呈贡
云南	赤木岭
云南	楚雄
云南	大德
云南	大关
云南	大旧庄
云南	大苴
云南	大理
云南	大理北
云南	大理东
云南	大田边
云南	大湾子
云南	邓家湾
云南	甸苴坝
云南	甸尾
云南	甸心
云南	豆沙关
云南	读书铺
云南	二道桥
云南	凤凰山
云南	凤仪村
云南	富源
云南	高楼房
云南	格以头
云南	广南卫
云南	广通
云南	广通北
云南	广卫村
云南	鹤庆
云南	黑井
云南	黑土凹
云南	红江
云南	黄瓜园
云南	鸡街
云南	建水
云南	建水北
云南	江所田
云南	金马村
云南	浸长村
云南	昆明
云南	昆明北
云南	昆明西
云南	昆阳
云南	乐善村
云南	李浩寨
云南	丽江
云南	临江溪
云南	龙骨甸
云南	龙塘坝
云南	芦沟
云南	陆良
云南	禄丰
云南	禄丰南
云南	罗平
云南	马房
云南	马龙
云南	茂舍祖
云南	蒙自北
云南	弥渡
云南	密马龙
云南	木戛
云南	沐滂
云南	牧羊村
云南	南华
云南	牛街庄
云南	跑马山
云南	平河口
云南	普洱渡
云南	七甸
云南	桥头村
云南	勤丰营
云南	青龙寺
云南	秋木园
云南	曲江
云南	曲靖
云南	沙桥
云南	沙沙坡
云南	上关
云南	师宗
云南	施家嘴
云南	石林
云南	石林南
云南	柿花树
云南	双湄村
云南	水富
云南	塔石嘴
云南	滩头
云南	唐房村
云南	棠海
云南	田梁子
云南	通海
云南	铜鼓溪
云南	挖色
云南	王家营
云南	王家营西
云南	温泉
云南	吴官田
云南	西街口
云南	喜鹊乐
云南	仙水
云南	祥云
云南	向隍
云南	小村
云南	小得江
云南	小儿坪
云南	小关溪
云南	小海口
云南	小路溪
云南	小哨
云南	小喜村
云南	小新街
云南	小月旧
云南	新安
云南	宣威
云南	盐津
云南	盐津北
云南	燕子洞
云南	秧草地
云南	羊堡
云南	羊臼河
云南	羊尾哨
云南	羊者窝
云南	杨林
云南	姚安
云南	一平浪
云南	宜良北
云南	宜耐
云南	彝良
云南	彝良南
云南	尹地
云南	永丰营
云南	渔坝村
云南	玉溪
云南	玉溪南
云南	元谋
云南	泽润里
云南	沾益
云南	长冲
云南	长坡岭
云南	昭通
云南	昭通北
云南	昭通南
云南	照福铺
云南	中滩
云南	中谊村
云南	中寨
西藏	安多
西藏	当雄
西藏	拉萨
西藏	那曲
西藏	尼木
西藏	曲水县
西藏	仁布
西藏	日喀则
西藏	协荣
陕西	安康
陕西	灞桥
陕西	白河东
陕西	白河县
陕西	白水江
陕西	宝鸡
陕西	宝鸡南
陕西	蔡家坡
陕西	曹家伙场
陕西	茶镇
陕西	城固
陕西	池河
陕西	大保当
陕西	大荔
陕西	大荔北
陕西	大竹园
陕西	丹凤
陕西	道镇
陕西	定边
陕西	洞子崖
陕西	杜赵
陕西	冯家山
陕西	凤县
陕西	凤翔
陕西	凤州
陕西	福临堡
陕西	府谷
陕西	富县
陕西	富县东
陕西	甘泉
陕西	甘泉北
陕西	高梁铺
陕西	高滩
陕西	高潭子
陕西	孤山川
陕西	虢镇
陕西	韩城
陕西	汉阴
陕西	汉中
陕西	合阳
陕西	何寨
陕西	横现河
陕西	红花铺
陕西	红卫坝
陕西	华山
陕西	华山北
陕西	黄陵
陕西	黄羊城
陕西	火烧寨
陕西	涧池铺
陕西	锦界
陕西	靖边
陕西	巨亭
陕西	乐素河
陕西	李家河
陕西	临潼
陕西	临潼东
陕西	零口
陕西	刘家沟
陕西	陇县
陕西	洛川东
陕西	吕河
陕西	略阳
陕西	麻柳
陕西	马蹄湾
陕西	毛坝关
陕西	梅子铺
陕西	米脂
陕西	勉西
陕西	勉县
陕西	娘娘庙
陕西	牛家梁
陕西	蟠龙镇
陕西	坡底村
陕西	蒲城
陕西	蒲城东
陕西	岐山
陕西	千河
陕西	千阳
陕西	秦岭
陕西	清涧县
陕西	三花石
陕西	三原
陕西	商洛
陕西	商南
陕西	神木
陕西	神木北
陕西	神木西
陕西	生芝渠
陕西	石庙沟
陕西	石泉县
陕西	史家铺
陕西	蜀河
陕西	水沟
陕西	苏家坡
陕西	绥德
陕西	孙镇
陕西	田庄镇
陕西	潼关
陕西	瓦窑堡
陕西	湾李所
陕西	韦庄
陕西	渭南
陕西	渭南北
陕西	渭南南
陕西	魏家楼
陕西	吴堡
陕西	武功
陕西	西安
陕西	西安北
陕西	西安东
陕西	西安南
陕西	西沟
陕西	西社
陕西	西乡
陕西	咸阳
陕西	咸阳秦都
陕西	向阳镇
陕西	小河镇
陕西	新城川
陕西	新丰镇
陕西	兴平
陕西	徐家坪
陕西	旬阳
陕西	旬阳北
陕西	延安
陕西	阎良
陕西	砚川
陕西	晏家坝
陕西	燕子砭
陕西	阳平关
陕西	杨陵
陕西	杨陵南
陕西	洋县
陕西	窑村
陕西	义合镇
陕西	营镇
陕西	永乐店
陕西	榆林
陕西	早阳
陕西	缯溪河
陕西	柞水
陕西	张家船
陕西	张桥
陕西	镇安
陕西	钟家村
陕西	子长
陕西	子洲
陕西	紫阳
陕西	棕溪
甘肃	安北
甘肃	安口窑
甘肃	白银市
甘肃	白银西
甘肃	陈官营
甘肃	崇信
甘肃	打柴沟
甘肃	大武口
甘肃	低窝铺
甘肃	定西
甘肃	东湾
甘肃	敦煌
甘肃	丰水村
甘肃	甘草店
甘肃	甘谷
甘肃	皋兰
甘肃	高台
甘肃	古浪
甘肃	瓜州
甘肃	河口南
甘肃	贺家店
甘肃	黑冲滩
甘肃	红柳河
甘肃	红砂岘
甘肃	红岘台
甘肃	宏庆
甘肃	黄羊镇
甘肃	徽县
甘肃	芨岭
甘肃	嘉峪关
甘肃	金昌
甘肃	景泰
甘肃	靖远
甘肃	靖远西
甘肃	镜铁山
甘肃	酒泉
甘肃	兰州
甘肃	兰州东
甘肃	兰州西
甘肃	狼尾山
甘肃	李家坪
甘肃	两当
甘肃	临泽
甘肃	柳沟
甘肃	柳园
甘肃	龙沟
甘肃	龙泉寺
甘肃	陇西
甘肃	洛门
甘肃	骆驼巷
甘肃	绿化
甘肃	庙庄
甘肃	南河川
甘肃	磐安镇
甘肃	平凉
甘肃	平凉南
甘肃	平原堡
甘肃	坡底下
甘肃	桥湾
甘肃	桥西
甘肃	清水
甘肃	庆阳山
甘肃	三阳川
甘肃	桑园子
甘肃	山丹
甘肃	上腰墩
甘肃	邵家堂
甘肃	神峪河
甘肃	石峡子
甘肃	疏勒河
甘肃	水源
甘肃	谭家井
甘肃	天水
甘肃	天祝
甘肃	通安驿
甘肃	土门子
甘肃	王家湾
甘肃	渭南镇
甘肃	吴家川
甘肃	武山
甘肃	武威
甘肃	武威南
甘肃	西固城
甘肃	夏官营
甘肃	小泉东
甘肃	新李
甘肃	新阳镇
甘肃	兴泉堡
甘肃	许家台
甘肃	许三湾
甘肃	营盘水
甘肃	永登
甘肃	玉门
甘肃	玉门东
甘肃	玉石
甘肃	鸳鸯镇
甘肃	元龙
甘肃	园墩
甘肃	岳家井
甘肃	云田乡
甘肃	张掖
甘肃	长城
甘肃	长征
甘肃	朱家窑
青海	八盘峡
青海	察尔汗
青海	德令哈
青海	刚察
青海	格尔木
青海	哈尔盖
青海	海石湾
青海	海晏
青海	花庄
青海	湟源
青海	柯柯
青海	乐都
青海	平安驿
青海	水车湾
青海	天峻
青海	沱沱河
青海	乌兰
青海	西宁
青海	西宁西
青海	锡铁山
青海	饮马峡
青海	张家祠
宁夏	艾家村
宁夏	白芨沟
宁夏	褚家湾
宁夏	大坝
宁夏	大磴沟
宁夏	大战场
宁夏	二营
宁夏	干塘
宁夏	固原
宁夏	韩府湾
宁夏	红寺堡
宁夏	呼鲁斯太
宁夏	黄羊滩
宁夏	黄羊湾
宁夏	惠农
宁夏	李旺
宁夏	灵武
宁夏	柳家庄
宁夏	六盘山
宁夏	暖泉
宁夏	彭阳
宁夏	平罗
宁夏	七营
宁夏	青铜峡
宁夏	汝箕沟
宁夏	三关口
宁夏	三营
宁夏	沙坡头
宁夏	沈家河
宁夏	石坝
宁夏	石嘴山
宁夏	太阳山
宁夏	同心
宁夏	土桥子
宁夏	王团庄
宁夏	西大滩
宁夏	宣和
宁夏	盐池
宁夏	银川
宁夏	银川南
宁夏	迎水桥
宁夏	长农
宁夏	中宁
宁夏	中宁东
宁夏	中宁南
宁夏	中卫
新疆	阿克苏
新疆	阿克陶
新疆	阿拉山口境
新疆	阿图什
新疆	巴楚
新疆	包尔海
新疆	北屯市
新疆	博乐
新疆	布列开
新疆	柴窝堡
新疆	达板城
新疆	二堡
新疆	福海
新疆	哈密
新疆	哈密东
新疆	哈密南
新疆	和静
新疆	和什托洛盖
新疆	和田
新疆	红光
新疆	红旗村
新疆	火石泉
新疆	霍尔果斯
新疆	金银川
新疆	精河
新疆	精河南
新疆	喀什
新疆	柯坪
新疆	克拉玛依
新疆	库车
新疆	库尔勒
新疆	奎屯
新疆	了墩
新疆	柳树泉
新疆	轮台
新疆	玛纳斯
新疆	玛纳斯湖
新疆	煤窑沟
新疆	墨玉
新疆	尼勒克
新疆	皮山
新疆	七泉湖
新疆	三葛庄
新疆	沙湾县
新疆	莎车
新疆	山口
新疆	鄯善
新疆	十三间房
新疆	石河子
新疆	疏勒
新疆	思甜
新疆	天湖
新疆	吐鲁番
新疆	尾亚
新疆	乌拉泊
新疆	乌鲁木齐
新疆	乌西
新疆	五五
新疆	新和
新疆	幸福滩
新疆	焉耆
新疆	盐湖
新疆	盐泉
新疆	叶城
新疆	伊宁
新疆	伊宁东
新疆	英吉沙
新疆	鱼儿沟
新疆	泽普
广东	大朗
广东	三水西
江西	八景
河南	圃田
陕西	北郊
湖北	吴家山
上海	杨浦
福建	东孚
河北	沙岭
云南	石南
河南	平顶山东
江西	湖田
山东	兖州北
山西	临汾北
北京	大红门
上海	闵行
浙江	温州西
贵州	改貌
江苏	苏州西
河南	安棚
上海	安亭
江苏	无锡南
浙江	宁波北
四川	天回镇
安徽	合肥北
山西	侯马北
河北	中心
新疆	乌东
河北	新筑
四川	泸州
浙江	临平
广东	云浮
安徽	芜湖西
福建	漳州北
山东	农中
福建	福州东
新疆	乌北
江西	贵溪北
浙江	小黄山
浙江	嘉兴东
浙江	杭州北
安徽	南岳山
山东	泺口
上海	桃浦
江苏	镇江东
甘肃	兰州东川
广东	郭塘
江西	景德镇东
陕西	咸阳北
陕西	宝鸡东
山东	青州市南
山西	太原西
河南	戎庄
江西	九江南
新疆	沙良
湖南	荣家湾
湖南	醴陵南
江西	鹰潭南
浙江	北仑港
西藏	拉萨西
山东	金岭镇
海南	海口南
山东	潍坊西
浙江	钱清
贵州	遵义南
山西	皇后园
广西	南宁南
天津	大毕庄
山东	寿光
天津	西营门
天津	新港
上海	南翔
江苏	连云港港口
湖北	襄阳南
广西	六景
北京	百子湾
山东	红埠寺
广西	柳州东
河南	焦作北
湖北	穿心店
河南	濮阳西
河南	海棠寺
河南	濮阳东
上海	新浦东
广东	三眼桥
河北	唐山南
山东	茌平
安徽	蔡家岗
安徽	颍南
江苏	扬州东
广东	江门南
四川	孝泉
江苏	丹阳东
山东	周村
河南	濮阳
黑龙江	让湖路
河南	安阳西
河南	林县
广东	小塘西
山东	娄山
甘肃	颖川堡
河南	新乡北
山西	翼城
河北	隆尧县
